image_name,cluster_label,centroid_x,centroid_y
000341.png,fields,373,272
000341.png,treess,131,141
000342.png,fields,367,270
000342.png,treess,124,140
000343.png,fields,361,269
000343.png,treess,119,139
000344.png,fields,356,268
000344.png,treess,114,138
000345.png,fields,350,267
000345.png,treess,108,138
000346.png,fields,344,266
000346.png,treess,103,137
000347.png,fields,340,265
000347.png,treess,98,135
000348.png,fields,334,264
000348.png,treess,92,134
000349.png,fields,328,263
000349.png,treess,87,134
000350.png,fields,324,262
000350.png,treess,84,133
000351.png,fields,318,261
000351.png,treess,81,132
000352.png,fields,312,260
000352.png,treess,77,131
000353.png,fields,307,259
000353.png,treess,73,130
000354.png,fields,301,259
000354.png,treess,70,129
000355.png,fields,296,258
000355.png,treess,66,128
000356.png,fields,290,258
000356.png,treess,62,127
000357.png,fields,284,257
000357.png,treess,59,126
000358.png,fields,279,257
000358.png,treess,56,125
000359.png,fields,274,256
000359.png,treess,52,124
000360.png,fields,268,256
000360.png,treess,49,124
000361.png,fields,263,256
000361.png,treess,45,123
000362.png,fields,258,256
000362.png,treess,42,124
000363.png,fields,253,256
000363.png,treess,38,124
000364.png,fields,248,255
000364.png,treess,35,123
000365.png,fields,242,255
000365.png,treess,32,123
000366.png,fields,237,255
000366.png,treess,28,122
000367.png,fields,232,255
000367.png,treess,25,122
000368.png,fields,226,255
000368.png,treess,22,121
000369.png,fields,221,254
000369.png,treess,19,121
000370.png,fields,216,254
000370.png,treess,15,120
000371.png,fields,210,254
000371.png,treess,12,120
000372.png,fields,205,253
000372.png,treess,9,119
000373.png,fields,200,253
000373.png,treess,7,119
000374.png,fields,194,253
000374.png,treess,5,119
000375.png,fields,189,252
000375.png,treess,4,118
000376.png,fields,184,251
000376.png,treess,3,118
000377.png,fields,178,250
000377.png,treess,1,118
000378.png,fields,172,249
000378.png,treess,0,117
000379.png,fields,166,249
000379.png,treess,0,116
000380.png,fields,160,248
000380.png,treess,0,116
000381.png,fields,154,247
000381.png,treess,0,115
000382.png,fields,148,247
000382.png,treess,0,115
000383.png,fields,142,246
000383.png,treess,0,115
000384.png,fields,136,245
000384.png,treess,0,114
000385.png,fields,130,244
000385.png,treess,0,113
000386.png,fields,124,243
000386.png,treess,0,113
000387.png,fields,118,242
000387.png,treess,0,112
000388.png,fields,112,242
000388.png,treess,0,111
000389.png,fields,106,241
000389.png,treess,0,111
000390.png,fields,101,240
000390.png,treess,0,110
000391.png,fields,95,239
000391.png,treess,0,109
000392.png,fields,88,238
000392.png,treess,0,109
000393.png,fields,83,237
000393.png,treess,0,108
000394.png,fields,76,236
000394.png,treess,0,107
000395.png,fields,71,235
000395.png,treess,0,106
000396.png,fields,65,234
000396.png,treess,0,105
000397.png,fields,59,233
000397.png,treess,0,104
000398.png,fields,54,231
000398.png,treess,0,103
000399.png,fields,48,230
000399.png,treess,0,102
000400.png,fields,43,230
000400.png,treess,0,102
000401.png,buildings,358,324
000401.png,fields,273,335
000401.png,roads,454,381
000401.png,treess,369,389
000401.png,vehicle,440,383
000402.png,buildings,352,323
000402.png,fields,267,334
000402.png,roads,448,380
000402.png,treess,363,388
000402.png,vehicle,434,382
000403.png,buildings,346,321
000403.png,fields,261,333
000403.png,roads,442,378
000403.png,treess,357,387
000403.png,vehicle,428,380
000404.png,buildings,340,320
000404.png,fields,255,332
000404.png,roads,436,376
000404.png,treess,351,385
000404.png,vehicle,422,378
000405.png,buildings,333,319
000405.png,fields,249,331
000405.png,roads,429,375
000405.png,treess,345,384
000405.png,vehicle,415,377
000406.png,buildings,327,318
000406.png,fields,243,331
000406.png,roads,423,373
000406.png,treess,339,383
000406.png,vehicle,409,375
000407.png,buildings,322,317
000407.png,fields,238,329
000407.png,roads,417,371
000407.png,treess,333,382
000407.png,vehicle,403,373
000408.png,buildings,315,316
000408.png,fields,232,329
000408.png,roads,410,370
000408.png,treess,327,381
000408.png,vehicle,396,372
000409.png,buildings,310,315
000409.png,fields,227,328
000409.png,roads,405,369
000409.png,treess,322,380
000409.png,vehicle,391,371
000410.png,buildings,304,314
000410.png,fields,221,327
000410.png,roads,399,368
000410.png,treess,316,379
000410.png,vehicle,385,370
000411.png,buildings,298,314
000411.png,fields,215,327
000411.png,roads,392,368
000411.png,treess,310,379
000411.png,vehicle,379,370
000412.png,buildings,292,313
000412.png,fields,210,326
000412.png,roads,386,366
000412.png,treess,305,378
000412.png,vehicle,373,368
000413.png,buildings,287,312
000413.png,fields,205,326
000413.png,roads,380,365
000413.png,treess,299,377
000413.png,vehicle,367,367
000414.png,buildings,281,312
000414.png,fields,199,326
000414.png,roads,374,365
000414.png,treess,293,377
000414.png,vehicle,361,367
000415.png,buildings,276,311
000415.png,fields,194,325
000415.png,roads,368,364
000415.png,treess,288,376
000415.png,vehicle,355,366
000416.png,buildings,271,311
000416.png,fields,189,324
000416.png,roads,363,363
000416.png,treess,283,375
000416.png,vehicle,350,365
000417.png,buildings,265,311
000417.png,fields,183,325
000417.png,roads,357,363
000417.png,treess,277,375
000417.png,vehicle,344,365
000418.png,buildings,259,311
000418.png,fields,178,324
000418.png,roads,351,362
000418.png,treess,272,375
000418.png,vehicle,339,364
000419.png,buildings,254,310
000419.png,fields,172,324
000419.png,roads,345,361
000419.png,treess,267,374
000419.png,vehicle,333,363
000420.png,buildings,248,310
000420.png,fields,167,324
000420.png,roads,339,360
000420.png,treess,261,374
000420.png,vehicle,327,362
000421.png,buildings,243,310
000421.png,fields,162,324
000421.png,roads,334,359
000421.png,treess,256,374
000421.png,vehicle,322,361
000422.png,buildings,237,310
000422.png,fields,157,324
000422.png,roads,328,359
000422.png,treess,250,374
000422.png,vehicle,316,361
000423.png,buildings,231,310
000423.png,fields,151,324
000423.png,roads,322,358
000423.png,treess,244,373
000423.png,vehicle,310,360
000424.png,buildings,226,309
000424.png,fields,147,323
000424.png,roads,317,357
000424.png,treess,240,373
000424.png,vehicle,305,359
000425.png,buildings,220,309
000425.png,fields,141,324
000425.png,roads,311,357
000425.png,treess,234,373
000425.png,vehicle,299,359
000426.png,buildings,214,309
000426.png,fields,136,324
000426.png,roads,305,357
000426.png,treess,228,373
000426.png,vehicle,293,359
000427.png,buildings,209,309
000427.png,fields,132,324
000427.png,roads,300,357
000427.png,treess,223,373
000427.png,vehicle,288,359
000428.png,buildings,203,309
000428.png,fields,127,324
000428.png,roads,295,357
000428.png,treess,218,373
000428.png,vehicle,282,359
000429.png,buildings,198,309
000429.png,fields,123,324
000429.png,roads,290,357
000429.png,treess,213,373
000429.png,vehicle,277,359
000430.png,buildings,193,309
000430.png,fields,118,324
000430.png,roads,284,357
000430.png,treess,208,373
000430.png,vehicle,272,359
000431.png,buildings,188,309
000431.png,fields,113,324
000431.png,roads,279,357
000431.png,treess,203,373
000431.png,vehicle,267,359
000432.png,buildings,183,309
000432.png,fields,109,324
000432.png,roads,274,356
000432.png,treess,198,373
000432.png,vehicle,262,358
000433.png,buildings,178,309
000433.png,fields,104,324
000433.png,roads,269,356
000433.png,treess,193,373
000433.png,vehicle,257,358
000434.png,buildings,172,309
000434.png,fields,99,324
000434.png,roads,263,356
000434.png,treess,187,373
000434.png,vehicle,251,358
000435.png,buildings,167,309
000435.png,fields,95,324
000435.png,roads,258,355
000435.png,treess,182,372
000435.png,vehicle,246,357
000436.png,buildings,162,309
000436.png,fields,91,324
000436.png,roads,253,355
000436.png,treess,177,372
000436.png,vehicle,241,357
000437.png,buildings,156,309
000437.png,fields,86,324
000437.png,roads,247,355
000437.png,treess,172,372
000437.png,vehicle,235,357
000438.png,buildings,151,309
000438.png,fields,82,324
000438.png,roads,241,355
000438.png,treess,167,372
000438.png,vehicle,230,357
000439.png,buildings,146,309
000439.png,fields,78,324
000439.png,roads,236,355
000439.png,treess,162,372
000439.png,vehicle,225,357
000440.png,buildings,141,309
000440.png,fields,73,324
000440.png,roads,230,355
000440.png,treess,156,372
000440.png,vehicle,219,357
000441.png,buildings,136,309
000441.png,fields,69,324
000441.png,roads,225,355
000441.png,treess,151,372
000441.png,vehicle,214,357
000442.png,buildings,130,309
000442.png,fields,65,324
000442.png,roads,219,355
000442.png,treess,145,373
000442.png,vehicle,209,357
000443.png,buildings,125,309
000443.png,fields,62,324
000443.png,roads,214,355
000443.png,treess,141,373
000443.png,vehicle,204,357
000444.png,buildings,120,309
000444.png,fields,58,324
000444.png,roads,209,355
000444.png,treess,136,373
000444.png,vehicle,199,357
000445.png,buildings,114,309
000445.png,fields,54,325
000445.png,roads,203,355
000445.png,treess,130,373
000445.png,vehicle,193,357
000446.png,buildings,109,309
000446.png,fields,51,325
000446.png,roads,198,355
000446.png,treess,126,373
000446.png,vehicle,188,357
000447.png,buildings,104,309
000447.png,fields,48,325
000447.png,roads,193,354
000447.png,treess,121,373
000447.png,vehicle,183,357
000448.png,buildings,99,309
000448.png,fields,44,325
000448.png,roads,187,354
000448.png,treess,116,373
000448.png,vehicle,177,357
000449.png,buildings,95,309
000449.png,fields,41,325
000449.png,roads,182,354
000449.png,treess,111,373
000449.png,vehicle,172,357
000450.png,buildings,91,309
000450.png,fields,38,325
000450.png,roads,177,354
000450.png,treess,107,373
000450.png,vehicle,167,357
000451.png,buildings,86,309
000451.png,fields,35,325
000451.png,roads,171,354
000451.png,treess,102,373
000451.png,vehicle,161,357
000452.png,buildings,82,308
000452.png,fields,32,324
000452.png,roads,166,354
000452.png,treess,98,372
000452.png,vehicle,156,357
000453.png,buildings,79,308
000453.png,fields,29,324
000453.png,roads,161,353
000453.png,treess,94,371
000453.png,vehicle,151,356
000454.png,buildings,75,308
000454.png,fields,27,324
000454.png,roads,156,353
000454.png,treess,89,371
000454.png,vehicle,146,356
000455.png,buildings,71,307
000455.png,fields,24,323
000455.png,roads,151,352
000455.png,treess,85,370
000455.png,vehicle,141,355
000456.png,buildings,67,307
000456.png,fields,22,323
000456.png,roads,145,352
000456.png,treess,81,370
000456.png,vehicle,135,355
000457.png,buildings,64,307
000457.png,fields,20,323
000457.png,roads,140,352
000457.png,treess,77,370
000457.png,vehicle,130,354
000458.png,buildings,61,306
000458.png,fields,18,322
000458.png,roads,135,351
000458.png,treess,73,369
000458.png,vehicle,125,353
000459.png,buildings,58,306
000459.png,fields,16,322
000459.png,roads,129,351
000459.png,treess,69,369
000459.png,vehicle,119,353
000460.png,buildings,54,306
000460.png,fields,14,322
000460.png,roads,123,351
000460.png,treess,64,369
000460.png,vehicle,113,353
000461.png,buildings,292,397
000461.png,fields,255,297
000461.png,roads,232,294
000461.png,vehicles,283,420
000461.png,treess,222,338
000462.png,buildings,286,397
000462.png,fields,248,296
000462.png,roads,226,294
000462.png,vehicles,277,420
000462.png,treess,216,338
000463.png,buildings,280,396
000463.png,fields,243,296
000463.png,roads,220,293
000463.png,vehicles,271,419
000463.png,treess,210,338
000464.png,buildings,274,395
000464.png,fields,237,295
000464.png,roads,214,292
000464.png,vehicles,266,418
000464.png,treess,205,337
000465.png,buildings,269,395
000465.png,fields,232,295
000465.png,roads,209,292
000465.png,vehicles,260,417
000465.png,treess,200,337
000466.png,buildings,263,394
000466.png,fields,226,294
000466.png,roads,203,291
000466.png,vehicles,254,416
000466.png,treess,194,336
000467.png,buildings,257,393
000467.png,fields,220,293
000467.png,roads,198,291
000467.png,vehicles,248,415
000467.png,treess,189,335
000468.png,buildings,251,393
000468.png,fields,215,293
000468.png,roads,192,291
000468.png,vehicles,242,415
000468.png,treess,184,335
000469.png,buildings,246,392
000469.png,fields,209,292
000469.png,roads,187,290
000469.png,vehicles,237,414
000469.png,treess,179,334
000470.png,buildings,240,392
000470.png,fields,204,292
000470.png,roads,182,290
000470.png,vehicles,231,414
000470.png,treess,174,334
000471.png,buildings,234,392
000471.png,fields,199,292
000471.png,roads,177,290
000471.png,vehicles,225,414
000471.png,treess,169,334
000472.png,buildings,228,391
000472.png,fields,194,292
000472.png,roads,172,289
000472.png,vehicles,219,413
000472.png,treess,164,333
000473.png,buildings,222,391
000473.png,fields,188,291
000473.png,roads,166,289
000473.png,vehicles,213,413
000473.png,treess,159,333
000474.png,buildings,216,390
000474.png,fields,183,291
000474.png,roads,160,289
000474.png,vehicles,207,413
000474.png,treess,154,333
000475.png,buildings,211,389
000475.png,fields,179,290
000475.png,roads,155,288
000475.png,vehicles,201,412
000475.png,treess,149,332
000476.png,buildings,205,389
000476.png,fields,174,290
000476.png,roads,150,287
000476.png,vehicles,196,411
000476.png,treess,145,332
000477.png,buildings,199,389
000477.png,fields,170,290
000477.png,roads,145,287
000477.png,vehicles,190,411
000477.png,treess,140,331
000478.png,buildings,195,388
000478.png,fields,166,289
000478.png,roads,141,286
000478.png,vehicles,185,410
000478.png,treess,136,330
000479.png,buildings,189,388
000479.png,fields,162,289
000479.png,roads,136,286
000479.png,vehicles,180,410
000479.png,treess,132,330
000480.png,buildings,184,387
000480.png,fields,158,288
000480.png,roads,131,286
000480.png,vehicles,174,409
000480.png,treess,128,330
000481.png,buildings,179,387
000481.png,fields,154,288
000481.png,roads,126,285
000481.png,vehicles,168,408
000481.png,treess,123,329
000482.png,buildings,174,387
000482.png,fields,150,288
000482.png,roads,121,285
000482.png,vehicles,163,408
000482.png,treess,119,330
000483.png,buildings,168,386
000483.png,fields,146,288
000483.png,roads,116,285
000483.png,vehicles,158,407
000483.png,treess,115,329
000484.png,buildings,164,386
000484.png,fields,143,288
000484.png,roads,112,285
000484.png,vehicles,153,406
000484.png,treess,111,329
000485.png,buildings,158,386
000485.png,fields,139,288
000485.png,roads,107,285
000485.png,vehicles,148,406
000485.png,treess,107,329
000486.png,buildings,153,385
000486.png,fields,135,287
000486.png,roads,104,284
000486.png,vehicles,144,405
000486.png,treess,103,328
000487.png,buildings,148,385
000487.png,fields,132,287
000487.png,roads,100,284
000487.png,vehicles,139,405
000487.png,treess,99,328
000488.png,buildings,142,385
000488.png,fields,128,287
000488.png,roads,97,284
000488.png,vehicles,134,405
000488.png,treess,95,328
000489.png,buildings,138,384
000489.png,fields,125,286
000489.png,roads,94,283
000489.png,vehicles,129,405
000489.png,treess,91,328
000490.png,buildings,133,384
000490.png,fields,121,286
000490.png,roads,91,283
000490.png,vehicles,125,404
000490.png,treess,88,327
000491.png,buildings,128,384
000491.png,fields,118,286
000491.png,roads,87,283
000491.png,vehicles,120,404
000491.png,treess,84,327
000492.png,buildings,123,384
000492.png,fields,115,286
000492.png,roads,84,283
000492.png,vehicles,115,404
000492.png,treess,80,327
000493.png,buildings,119,384
000493.png,fields,111,286
000493.png,roads,81,283
000493.png,vehicles,111,403
000493.png,treess,77,327
000494.png,buildings,113,384
000494.png,fields,108,286
000494.png,roads,77,283
000494.png,vehicles,106,403
000494.png,treess,73,327
000495.png,buildings,109,383
000495.png,fields,105,285
000495.png,roads,74,282
000495.png,vehicles,102,402
000495.png,treess,70,326
000496.png,buildings,106,383
000496.png,fields,102,285
000496.png,roads,71,282
000496.png,vehicles,97,402
000496.png,treess,67,326
000497.png,buildings,102,382
000497.png,fields,98,284
000497.png,roads,68,281
000497.png,vehicles,92,402
000497.png,treess,63,325
000498.png,buildings,97,381
000498.png,fields,94,283
000498.png,roads,65,280
000498.png,vehicles,88,401
000498.png,treess,60,324
000499.png,buildings,93,381
000499.png,fields,91,283
000499.png,roads,62,280
000499.png,vehicles,83,400
000499.png,treess,56,324
000500.png,buildings,89,380
000500.png,fields,87,282
000500.png,roads,59,279
000500.png,vehicles,78,399
000500.png,treess,53,324
000501.png,buildings,85,379
000501.png,fields,84,282
000501.png,roads,56,279
000501.png,vehicles,73,399
000501.png,treess,50,323
000502.png,buildings,81,379
000502.png,fields,80,281
000502.png,roads,54,278
000502.png,vehicles,68,399
000502.png,treess,47,323
000503.png,buildings,77,378
000503.png,fields,77,280
000503.png,roads,51,277
000503.png,vehicles,63,398
000503.png,treess,44,322
000504.png,buildings,72,377
000504.png,fields,73,279
000504.png,roads,49,276
000504.png,vehicles,58,397
000504.png,treess,42,321
000505.png,buildings,68,377
000505.png,fields,70,279
000505.png,roads,46,276
000505.png,vehicles,53,397
000505.png,treess,39,321
000506.png,buildings,64,376
000506.png,fields,67,278
000506.png,roads,44,275
000506.png,vehicles,49,396
000506.png,treess,36,320
000507.png,buildings,60,375
000507.png,fields,63,277
000507.png,roads,42,274
000507.png,vehicles,45,395
000507.png,treess,34,319
000508.png,buildings,56,374
000508.png,fields,60,276
000508.png,roads,39,273
000508.png,vehicles,40,394
000508.png,treess,31,318
000509.png,buildings,51,373
000509.png,fields,57,275
000509.png,roads,37,272
000509.png,vehicles,36,393
000509.png,treess,29,317
000510.png,buildings,48,372
000510.png,fields,54,274
000510.png,roads,35,271
000510.png,vehicles,32,392
000510.png,treess,27,316
000511.png,buildings,44,371
000511.png,fields,51,273
000511.png,roads,33,269
000511.png,vehicles,29,391
000511.png,treess,25,315
000512.png,buildings,41,370
000512.png,fields,48,271
000512.png,roads,31,268
000512.png,vehicles,25,390
000512.png,treess,23,314
000513.png,buildings,38,369
000513.png,fields,45,270
000513.png,roads,29,267
000513.png,vehicles,21,389
000513.png,treess,21,312
000514.png,buildings,35,368
000514.png,fields,42,269
000514.png,roads,27,266
000514.png,vehicles,18,388
000514.png,treess,19,312
000515.png,buildings,33,366
000515.png,fields,39,267
000515.png,roads,25,264
000515.png,vehicles,15,386
000515.png,treess,18,310
000516.png,buildings,30,366
000516.png,fields,36,267
000516.png,roads,22,263
000516.png,vehicles,11,386
000516.png,treess,16,309
000517.png,buildings,28,365
000517.png,fields,33,266
000517.png,roads,21,262
000517.png,vehicles,8,385
000517.png,treess,15,308
000518.png,buildings,26,363
000518.png,fields,31,264
000518.png,roads,19,261
000518.png,vehicles,6,383
000518.png,treess,13,307
000519.png,buildings,23,362
000519.png,fields,28,263
000519.png,roads,18,260
000519.png,vehicles,4,382
000519.png,treess,12,306
000520.png,buildings,21,361
000520.png,fields,26,262
000520.png,roads,16,258
000520.png,vehicles,3,380
000520.png,treess,11,304
000521.png,fields,219,225
000521.png,buildings,74,282
000521.png,roads,153,312
000521.png,vehicles,70,362
000521.png,treess,237,256
000522.png,fields,213,225
000522.png,buildings,68,282
000522.png,roads,147,312
000522.png,vehicles,64,362
000522.png,treess,231,256
000523.png,fields,208,224
000523.png,buildings,62,281
000523.png,roads,142,311
000523.png,vehicles,60,361
000523.png,treess,226,255
000524.png,fields,203,223
000524.png,buildings,57,280
000524.png,roads,137,310
000524.png,vehicles,57,360
000524.png,treess,221,254
000525.png,fields,197,223
000525.png,buildings,52,280
000525.png,roads,132,310
000525.png,vehicles,54,360
000525.png,treess,216,254
000526.png,fields,192,222
000526.png,buildings,46,280
000526.png,roads,127,310
000526.png,vehicles,51,360
000526.png,treess,211,253
000527.png,fields,187,222
000527.png,buildings,42,279
000527.png,roads,122,309
000527.png,vehicles,48,359
000527.png,treess,206,253
000528.png,fields,182,222
000528.png,buildings,38,279
000528.png,roads,116,309
000528.png,vehicles,45,359
000528.png,treess,200,253
000529.png,fields,178,221
000529.png,buildings,35,279
000529.png,roads,112,309
000529.png,vehicles,43,359
000529.png,treess,196,252
000530.png,fields,172,221
000530.png,buildings,31,279
000530.png,roads,107,309
000530.png,vehicles,40,359
000530.png,treess,191,252
000531.png,fields,167,220
000531.png,buildings,27,278
000531.png,roads,102,308
000531.png,vehicles,37,358
000531.png,treess,186,252
000532.png,fields,163,219
000532.png,buildings,24,277
000532.png,roads,98,307
000532.png,vehicles,34,357
000532.png,treess,182,251
000533.png,fields,158,219
000533.png,buildings,21,277
000533.png,roads,93,307
000533.png,vehicles,31,357
000533.png,treess,177,251
000534.png,fields,153,218
000534.png,buildings,18,276
000534.png,roads,89,306
000534.png,vehicles,28,356
000534.png,treess,172,250
000535.png,fields,149,217
000535.png,buildings,16,275
000535.png,roads,87,305
000535.png,vehicles,26,355
000535.png,treess,168,249
000536.png,fields,144,217
000536.png,buildings,14,275
000536.png,roads,84,305
000536.png,vehicles,23,355
000536.png,treess,165,248
000537.png,fields,141,216
000537.png,buildings,13,275
000537.png,roads,81,304
000537.png,vehicles,20,355
000537.png,treess,161,247
000538.png,fields,138,215
000538.png,buildings,12,274
000538.png,roads,78,303
000538.png,vehicles,17,354
000538.png,treess,157,246
000539.png,fields,135,214
000539.png,buildings,10,273
000539.png,roads,76,303
000539.png,vehicles,15,354
000539.png,treess,154,246
000540.png,fields,131,214
000540.png,buildings,9,273
000540.png,roads,74,303
000540.png,vehicles,12,354
000540.png,treess,150,246
000541.png,fields,128,212
000541.png,buildings,8,271
000541.png,roads,72,301
000541.png,vehicles,9,352
000541.png,treess,146,244
000542.png,fields,125,212
000542.png,buildings,7,270
000542.png,roads,70,300
000542.png,vehicles,6,351
000542.png,treess,143,243
000543.png,fields,122,211
000543.png,buildings,5,269
000543.png,roads,68,299
000543.png,vehicles,4,350
000543.png,treess,139,242
000544.png,fields,119,210
000544.png,buildings,4,268
000544.png,roads,66,298
000544.png,vehicles,1,349
000544.png,treess,136,241
000545.png,fields,116,209
000545.png,buildings,3,266
000545.png,roads,64,296
000545.png,vehicles,0,347
000545.png,treess,132,240
000546.png,fields,113,207
000546.png,buildings,2,264
000546.png,roads,62,295
000546.png,vehicles,0,346
000546.png,treess,129,239
000547.png,fields,111,207
000547.png,buildings,1,263
000547.png,roads,61,294
000547.png,vehicles,0,345
000547.png,treess,125,238
000548.png,fields,107,206
000548.png,buildings,1,263
000548.png,roads,59,293
000548.png,vehicles,0,344
000548.png,treess,122,237
000549.png,fields,105,206
000549.png,buildings,0,262
000549.png,roads,57,292
000549.png,vehicles,0,343
000549.png,treess,119,236
000550.png,fields,102,205
000550.png,buildings,0,261
000550.png,roads,55,291
000550.png,vehicles,0,342
000550.png,treess,115,236
000551.png,fields,99,205
000551.png,buildings,0,260
000551.png,roads,53,291
000551.png,vehicles,0,342
000551.png,treess,112,236
000552.png,fields,96,205
000552.png,buildings,0,260
000552.png,roads,51,290
000552.png,vehicles,0,341
000552.png,treess,109,235
000553.png,fields,93,205
000553.png,buildings,0,260
000553.png,roads,50,290
000553.png,vehicles,0,341
000553.png,treess,106,235
000554.png,fields,90,204
000554.png,buildings,0,259
000554.png,roads,49,289
000554.png,vehicles,0,340
000554.png,treess,103,234
000555.png,fields,87,203
000555.png,buildings,0,259
000555.png,roads,48,288
000555.png,vehicles,0,339
000555.png,treess,100,233
000556.png,fields,85,202
000556.png,buildings,0,258
000556.png,roads,47,287
000556.png,vehicles,0,338
000556.png,treess,98,233
000557.png,fields,82,201
000557.png,buildings,0,256
000557.png,roads,46,286
000557.png,vehicles,0,337
000557.png,treess,95,232
000558.png,fields,79,200
000558.png,buildings,0,255
000558.png,roads,45,285
000558.png,vehicles,0,336
000558.png,treess,93,231
000559.png,fields,76,200
000559.png,buildings,0,255
000559.png,roads,44,285
000559.png,vehicles,0,336
000559.png,treess,90,231
000560.png,fields,74,199
000560.png,buildings,0,254
000560.png,roads,43,284
000560.png,vehicles,0,335
000560.png,treess,87,230
000561.png,fields,71,199
000561.png,buildings,0,253
000561.png,roads,42,284
000561.png,vehicles,0,334
000561.png,treess,85,230
000562.png,fields,69,199
000562.png,buildings,0,253
000562.png,roads,41,284
000562.png,vehicles,0,334
000562.png,treess,82,230
000563.png,fields,66,198
000563.png,buildings,0,252
000563.png,roads,40,283
000563.png,vehicles,0,333
000563.png,treess,79,229
000564.png,fields,64,197
000564.png,buildings,0,251
000564.png,roads,39,282
000564.png,vehicles,0,332
000564.png,treess,77,228
000565.png,fields,61,196
000565.png,buildings,0,250
000565.png,roads,38,281
000565.png,vehicles,0,331
000565.png,treess,74,227
000566.png,fields,59,195
000566.png,buildings,0,249
000566.png,roads,38,280
000566.png,vehicles,0,330
000566.png,treess,72,226
000567.png,fields,57,194
000567.png,buildings,0,248
000567.png,roads,37,279
000567.png,vehicles,0,329
000567.png,treess,69,225
000568.png,fields,54,194
000568.png,buildings,0,248
000568.png,roads,36,278
000568.png,vehicles,0,328
000568.png,treess,67,224
000569.png,fields,52,193
000569.png,buildings,0,247
000569.png,roads,35,277
000569.png,vehicles,0,327
000569.png,treess,65,223
000570.png,fields,51,193
000570.png,buildings,0,247
000570.png,roads,34,277
000570.png,vehicles,0,327
000570.png,treess,62,223
000571.png,fields,49,192
000571.png,buildings,0,246
000571.png,roads,33,277
000571.png,vehicles,0,327
000571.png,treess,60,223
000572.png,fields,47,191
000572.png,buildings,0,246
000572.png,roads,32,276
000572.png,vehicles,0,326
000572.png,treess,58,222
000573.png,fields,45,191
000573.png,buildings,0,246
000573.png,roads,31,276
000573.png,vehicles,0,326
000573.png,treess,56,222
000574.png,fields,43,191
000574.png,buildings,0,245
000574.png,roads,30,275
000574.png,vehicles,0,325
000574.png,treess,53,221
000575.png,fields,41,190
000575.png,buildings,0,244
000575.png,roads,29,274
000575.png,vehicles,0,324
000575.png,treess,51,220
000576.png,fields,39,189
000576.png,buildings,0,244
000576.png,roads,28,273
000576.png,vehicles,0,323
000576.png,treess,49,220
000577.png,fields,37,188
000577.png,buildings,0,243
000577.png,roads,27,272
000577.png,vehicles,0,322
000577.png,treess,46,219
000578.png,fields,36,188
000578.png,buildings,0,242
000578.png,roads,26,271
000578.png,vehicles,0,321
000578.png,treess,44,218
